{"_runtime":117,"_step":2,"val_accuracy":0.8454122340425532,"train_loss":0.50857461838855,"train_accuracy":0.8458789988151659,"_wandb":{"runtime":117},"_timestamp":1.762115512505231e+09,"epoch":3,"val_loss":0.43575125916841184}