{"val_accuracy":0.8375997340425532,"_step":1,"epoch":2,"val_loss":0.4665160007140738,"_timestamp":1.7621160968412716e+09,"_wandb":{"runtime":107},"train_accuracy":0.8303465639810427,"_runtime":107,"train_loss":0.556542461543781}