{"_wandb":{"runtime":48},"_timestamp":1.7621165276642153e+09,"_runtime":48,"val_accuracy":0.68977172006952,"_step":1,"epoch":2,"train_loss":1.3217528912975889,"train_accuracy":0.6504986176699824,"val_loss":1.1065887041548466}